Ref perso;URL;Titre;Sous-dossier;Prix;Hashtags
ID001;https://drive.google.com/thumbnail?id=1fJkQyc3HcQ1-tlbPuq4KzDZIvSGLKCbG;AMORTISSEUR XT 550 (1).JPG;xt 550;0;TT600R, XT600E, TT600, TT600E, XTZ600, XT600Z
ID001;https://drive.google.com/thumbnail?id=12bBUVECCaw588W9gIDEwgBtFFb5c8rZp;AMORTISSEUR XT 550 (2).JPG;xt 550;10;TT600R, XT600E, TT600, TT600E, XTZ600, XT600Z
ID002;https://drive.google.com/thumbnail?id=1M2fcywvc-5Pz9kRB9rL1MJ_tTQlEIMyh;ARRAIGNE XTZ 660 (1).JPG;xtz 660;10;TT600R, XT600E, TT600, TT600E, XTZ600, XT600Z
ID002;https://drive.google.com/thumbnail?id=1J8QpmxBc_DOYmAUSuVfYS8XaeEqlGDvT;ARRAIGNE XTZ 660 (2).JPG;xtz 660;10;TT600R, XT600E, TT600, TT600E, XTZ600, XT600Z
ID002;https://drive.google.com/thumbnail?id=1iYjfiftKZRmHO1u24ZX2Par2QndFgB1R;ARRAIGNE XTZ 660 (3).JPG;xtz 660;10;TT600R, XT600E, TT600, TT600E, XTZ600, XT600Z
ID003;https://drive.google.com/thumbnail?id=1sz_f1SqcYYT7mvOI2Crm42fc-6OSmKAC;AXE BRAS OSCILLANT XT550.JPG;xt 550;10;TT600R, XT600E, TT600, TT600E, XTZ600, XT600Z
ID004;https://drive.google.com/thumbnail?id=1wrqS5itN-oO-jmuAuavlli8u_l7c6wlk;AXE DE BRAS OSCILLANT XTZ 750.JPG;xtz 750;10;TT600R, XT600E, TT600, TT600E, XTZ600, XT600Z
ID005;https://drive.google.com/thumbnail?id=1UUzn1LnjSQfha0TdTbPaNW2CQLAPkup1;AXE DE ROUE AVANT XTZ 750.JPG;xtz 750;10;TT600R, XT600E, TT600, TT600E, XTZ600, XT600Z
ID006;https://drive.google.com/thumbnail?id=1bADsLiL-_sSoMlkl75nHk3IweOhhtWwX;AXE EMBRAYAGE XT 550 600.JPG;Transerve;10;TT600R, XT600E, TT600, TT600E, XTZ600, XT600Z
ID007;https://drive.google.com/thumbnail?id=1hegqhhc02iC00VxNeHg9TIopYVK-ONpm;AXE LEVIER EMBRAYAGE.JPG;Transerve;10;TT600R, XT600E, TT600, TT600E, XTZ600, XT600Z
ID008;https://drive.google.com/thumbnail?id=1DdUoaPkDPH8BZhF1OfCtlyMDst6oGL80;BALANCIER EQUILIBRAGE XT550 (1).JPG;xt 550;10;TT600R, XT600E, TT600, TT600E, XTZ600, XT600Z
ID008;https://drive.google.com/thumbnail?id=1HjWsr-K8wwFYz-daJkjynP5XT83aieBV;BALANCIER EQUILIBRAGE XT550 (2).JPG;xt 550;10;TT600R, XT600E, TT600, TT600E, XTZ600, XT600Z
ID009;https://drive.google.com/thumbnail?id=1Q4gkYbd2LAWA4uF3-9sGGsk4-iYjyAwt;BARILLET ET FOURCHETTE SELECTION XTZ 750 (1).JPG;xtz 750;10;TT600R, XT600E, TT600, TT600E, XTZ600, XT600Z
ID009;https://drive.google.com/thumbnail?id=1zWFf6JK_oQB4keQ5BknC7SJb2bsI7VxN;BARILLET ET FOURCHETTE SELECTION XTZ 750 (2).JPG;xtz 750;10;TT600R, XT600E, TT600, TT600E, XTZ600, XT600Z
ID010;https://drive.google.com/thumbnail?id=1PPrK10yxxVI012eOb67dKGzwDPdMznhx;BASCULEUR XTZ 660 XT 600.JPG;xtz 660;10;TT600R, XT600E, TT600, TT600E, XTZ600, XT600Z
ID011;https://drive.google.com/thumbnail?id=1lkQj4HtRhUxDIBoEO2Dq0Rqa7LUIB8uj;BERCEAU XTZ 750 (1).JPG;xtz 750;10;TT600R, XT600E, TT600, TT600E, XTZ600, XT600Z
ID011;https://drive.google.com/thumbnail?id=1tWu2wCDzv9xFUYDg7fZdImrvowvJ91sy;BERCEAU XTZ 750 (2).JPG;xtz 750;10;TT600R, XT600E, TT600, TT600E, XTZ600, XT600Z
ID012;https://drive.google.com/thumbnail?id=1guph4E8Mnwmemx5bEc7KocbLGjTIWls6;BOITE A AIR XTZ 660 (1).JPG;xtz 660;10;TT600R, XT600E, TT600, TT600E, XTZ600, XT600Z
ID012;https://drive.google.com/thumbnail?id=1FSiaPPiP0f2VkEPrDLd8UUoGtlJGL44V;BOITE A AIR XTZ 660 (2).JPG;xtz 660;10;TT600R, XT600E, TT600, TT600E, XTZ600, XT600Z
ID012;https://drive.google.com/thumbnail?id=1FNz_VZs8PhOLiyF_MvDxUzNxUq2uifEC;BOITE A AIR XTZ 660 (3).JPG;xtz 660;10;TT600R, XT600E, TT600, TT600E, XTZ600, XT600Z
ID013;https://drive.google.com/thumbnail?id=1cx6253X5ioKHuy4jVk9V9HD5dTivE-lR;BOITE DE VITESSE SANS AXE SECONDAIRE XTZ 750.JPG;xtz 750;10;TT600R, XT600E, TT600, TT600E, XTZ600, XT600Z
ID014;https://drive.google.com/thumbnail?id=1mqbDEAhN4bHrPvhe2JNvgxdGmuEBlmtc;BOITE DE VITESSE XT550.JPG;xt 550;10;TT600R, XT600E, TT600, TT600E, XTZ600, XT600Z
ID015;https://drive.google.com/thumbnail?id=15WD_kZA8h6adnoJkJzsIMkHQIVqIFuBo;BOITIER CABLEL DE GAZ .JPG;transverse;0;TT600R, XT600E, TT600, TT600E, XTZ600, XT600Z
ID016;https://drive.google.com/thumbnail?id=1Gfy7liOy76HLNdTtkYzRi8ul3IUVXh9g;BORD DE RESERVOIR XTZ 750.JPG;xtz 750;0;TT600R, XT600E, TT600, TT600E, XTZ600, XT600Z
ID017;https://drive.google.com/thumbnail?id=1AyK5NDEvaI4P6rBSSlwxlvD3dSmGCZDR;BOUCHON DE FOURCHE XT 600 (1).JPG;xt 600;10;TT600R, XT600E, TT600, TT600E, XTZ600, XT600Z
ID017;https://drive.google.com/thumbnail?id=1tvWHf00dhVl8ea2Mo5_eqHKgmjfHlc4Q;BOUCHON DE FOURCHE XT 600 (2).JPG;xt 600;10;TT600R, XT600E, TT600, TT600E, XTZ600, XT600Z
ID018;https://drive.google.com/thumbnail?id=1X1c-SRaM2awoDHsJ8NPPdbWumrFzyUPF;BULLE XTZ 750 (1).JPG;xtz 750;10;TT600R, XT600E, TT600, TT600E, XTZ600, XT600Z
ID018;https://drive.google.com/thumbnail?id=1bzPguMW2CFq-O18pbhxllSdvP-_YvUql;BULLE XTZ 750 (2).JPG;xtz 750;10;TT600R, XT600E, TT600, TT600E, XTZ600, XT600Z
ID019;https://drive.google.com/thumbnail?id=1srWHMR61_X6jK_WjhT1wsQvXtnzs8H5-;CABLE DE GAZ XTZ 660.JPG;xtz 660;0;TT600R, XT600E, TT600, TT600E, XTZ600, XT600Z
ID020;https://drive.google.com/thumbnail?id=1HIJKQSz8dG9XLPnuQXP9-XQ0Up0cEE4n;CAOUTCHOUC RESERVOIR XTZ 750.JPG;xtz 750;0;TT600R, XT600E, TT600, TT600E, XTZ600, XT600Z
ID021;https://drive.google.com/thumbnail?id=1E8qhL-bASmbiDKtTr9E8vf2kruSCo2wC;CAPTEUR DE FREIN ARRIERE XTZ 750.JPG;xtz 750;10;TT600R, XT600E, TT600, TT600E, XTZ600, XT600Z
ID022;https://drive.google.com/thumbnail?id=17ezLf9p0CtkUh_GsAsfDJjDyr9kkkbpb;CAPTEUR EMBRAYAGE XTZ .JPG;xtz 660;10;TT600R, XT600E, TT600, TT600E, XTZ600, XT600Z
ID023;https://drive.google.com/thumbnail?id=1InGre6BcgBvOvsNucsvw7h39EEoo2GO8;CARTER ALLUMAGE XT 550 (1).JPG;xt 550;10;TT600R, XT600E, TT600, TT600E, XTZ600, XT600Z
ID023;https://drive.google.com/thumbnail?id=1S_qhrxaRLp_rxqp8EQM8mz6R0e7jqn9X;CARTER ALLUMAGE XT 550 (2).JPG;xt 550;10;TT600R, XT600E, TT600, TT600E, XTZ600, XT600Z
ID024;https://drive.google.com/thumbnail?id=1E93MdOIWf6busKnSwrbBmTLCVHAh9neC;CARTER HUILE XTZ 750 (1).JPG;xtz 750;0;TT600R, XT600E, TT600, TT600E, XTZ600, XT600Z
ID024;https://drive.google.com/thumbnail?id=1ufH7efvYgBXLsiILc7as6TL73eLRA2o-;CARTER HUILE XTZ 750 (2).JPG;xtz 750;0;TT600R, XT600E, TT600, TT600E, XTZ600, XT600Z
ID025;https://drive.google.com/thumbnail?id=10LYovsPQ42Y908rlTMzVwM4UerwEG0tI;CARTER XT 600 (1).JPG;transverse;0;TT600R, XT600E, TT600, TT600E, XTZ600, XT600Z
ID025;https://drive.google.com/thumbnail?id=1zPSQd_jrOi1IkqZqk2wZdQwAkpieox4p;CARTER XT 600 (2).JPG;transverse;0;TT600R, XT600E, TT600, TT600E, XTZ600, XT600Z
ID025;https://drive.google.com/thumbnail?id=1-5VnBhIT-0Lt2wdI6kWYVxMTfWdzZuG4;CARTER XT 600 (3).JPG;transverse;0;TT600R, XT600E, TT600, TT600E, XTZ600, XT600Z
ID026;https://drive.google.com/thumbnail?id=1aSrpZmxlj6-Fqwzv-CkjFyPOoAzqVJbu;CARTER XT550 NON APPAIRE (1).JPG;xt 550;10;TT600R, XT600E, TT600, TT600E, XTZ600, XT600Z
ID026;https://drive.google.com/thumbnail?id=1JpH-kgxLzl2j12g66yHtIPeZsp4GH9C9;CARTER XT550 NON APPAIRE (2).JPG;xt 550;10;TT600R, XT600E, TT600, TT600E, XTZ600, XT600Z
ID026;https://drive.google.com/thumbnail?id=1ko-T2qnk0Cq604z0rbiP0d5XPMRrvzzo;CARTER XT550 NON APPAIRE (3).JPG;xt 550;10;TT600R, XT600E, TT600, TT600E, XTZ600, XT600Z
ID026;https://drive.google.com/thumbnail?id=1DataFnEIthZPG437GPCUbN5_BQjSw2vM;CARTER XT550 NON APPAIRE (4).JPG;xt 550;10;TT600R, XT600E, TT600, TT600E, XTZ600, XT600Z
ID026;https://drive.google.com/thumbnail?id=1VF8lJ6890-43UOsV2s6KlwJlSCgOqJbx;CARTER XT550 NON APPAIRE (5).JPG;xt 550;10;TT600R, XT600E, TT600, TT600E, XTZ600, XT600Z
ID027;https://drive.google.com/thumbnail?id=1i_ObN2Nr9l2OmBfFUVlzAg3nSRSIHxrT;CENTRALE CLIGNOTANTE ELECTRONIQUE.JPG;transverse;0;TT600R, XT600E, TT600, TT600E, XTZ600, XT600Z
ID028;https://drive.google.com/thumbnail?id=1dMtEFvjf15hBbvGbgZh7AT32Bow0pN4y;CHAPEAU CABLE DE DECOMPRESSEUR XT XTZ.JPG;transverse;0;TT600R, XT600E, TT600, TT600E, XTZ600, XT600Z
ID029;https://drive.google.com/thumbnail?id=11c81em8xmEWb5Z5K7awifi3y5dJ59Iln;CHAPEAU DE CULBUTEUR ADMISSION XT XTZ.JPG;xt 600;10;TT600R, XT600E, TT600, TT600E, XTZ600, XT600Z
ID030;https://drive.google.com/thumbnail?id=1rQjI5_Rgd-pQlHJa9lmF6Zo8pLg8wH1e;CHAPEAU FILTRE A HUILE XT XTZ.JPG;xt 600;10;TT600R, XT600E, TT600, TT600E, XTZ600, XT600Z
ID031;https://drive.google.com/thumbnail?id=1PO5q9naMF40KJWoDaaDmNkoJzfOA6759;CLOCHE EMBRAYAGE TT600R CASSE (1).JPG;tt600r;0;TT600R, XT600E, TT600, TT600E, XTZ600, XT600Z
ID031;https://drive.google.com/thumbnail?id=1iHYS8IH6XMmZFXIS08ANZzRl2Mv9CT6Q;CLOCHE EMBRAYAGE TT600R CASSE (2).JPG;tt600r;0;TT600R, XT600E, TT600, TT600E, XTZ600, XT600Z
ID032;https://drive.google.com/thumbnail?id=1s2Q1CoYIRkLrCY7-qXCuylo1Ma4wRvcj;COCOTTE EMBRAYAGE ET CAPTEUR.JPG;Transerve;10;TT600R, XT600E, TT600, TT600E, XTZ600, XT600Z
ID033;https://drive.google.com/thumbnail?id=132azb1iJkJQAwl3niJa6jDhaYo5Y3XNq;COMMANDE DE FREIN AVANT XT550.JPG;xt 550;10;TT600R, XT600E, TT600, TT600E, XTZ600, XT600Z
ID034;https://drive.google.com/thumbnail?id=1wIH-52jbsNFoYjD__bBBYlBzSiNxniyp;COMMODO GAUCHE (1).JPG;Transerve;10;TT600R, XT600E, TT600, TT600E, XTZ600, XT600Z
ID034;https://drive.google.com/thumbnail?id=1erWLNuF-FUWS6w5pN46OWLJCnzPwR7NU;COMMODO GAUCHE (2).JPG;Transerve;10;TT600R, XT600E, TT600, TT600E, XTZ600, XT600Z
ID034;https://drive.google.com/thumbnail?id=1L_l77pLuj8Z5-0nrvghkuMQ0SuKGNdmD;COMMODO GAUCHE SHUNTE (1).JPG;Transerve;10;TT600R, XT600E, TT600, TT600E, XTZ600, XT600Z
ID034;https://drive.google.com/thumbnail?id=1_A7eDAAvbX6P7Jqa00ydguIMFw67ouyv;COMMODO GAUCHE SHUNTE (2).JPG;Transerve;10;TT600R, XT600E, TT600, TT600E, XTZ600, XT600Z
ID035;https://drive.google.com/thumbnail?id=1kgWr8c6ArRIXPEZVEiaAcxen1QGgBQds;COMPTEUR XTZ 750 (1).JPG;xtz 750;10;TT600R, XT600E, TT600, TT600E, XTZ600, XT600Z
ID035;https://drive.google.com/thumbnail?id=1bKOXPcSqh3MYClxfbTk9cAKFjVNk5xf-;COMPTEUR XTZ 750 (2).JPG;xtz 750;10;TT600R, XT600E, TT600, TT600E, XTZ600, XT600Z
ID036;https://drive.google.com/thumbnail?id=1nxszDfiOUm5ZSvzVz46S142ApE8gwIkt;CYLINDRE XT550 (1).JPG;xt 550;0;TT600R, XT600E, TT600, TT600E, XTZ600, XT600Z
ID036;https://drive.google.com/thumbnail?id=1bJjLHDMszi6zQf76Z40XhzyGCe0vXYiB;CYLINDRE XT550 (2).JPG;xt 550;0;TT600R, XT600E, TT600, TT600E, XTZ600, XT600Z
ID036;https://drive.google.com/thumbnail?id=1ugaaWQaw-2M6RgtK_kLQEzMI8GBpjPcY;CYLINDRE XT550 (3).JPG;xt 550;0;TT600R, XT600E, TT600, TT600E, XTZ600, XT600Z
ID036;https://drive.google.com/thumbnail?id=1WYWewX3BjEtW6JAVQarvTZjlnYSyeTtu;CYLINDRE XT550 (4).JPG;xt 550;0;TT600R, XT600E, TT600, TT600E, XTZ600, XT600Z
ID036;https://drive.google.com/thumbnail?id=1F1ple0GeS-VT08exAfE3Yp0FAckJeI10;CYLINDRE XT550 (5).JPG;xt 550;0;TT600R, XT600E, TT600, TT600E, XTZ600, XT600Z
ID036;https://drive.google.com/thumbnail?id=1_TSD1BSy6MbM5rZXqFSD89hhf1-JQASJ;CYLINDRE XT550 (6).JPG;xt 550;0;TT600R, XT600E, TT600, TT600E, XTZ600, XT600Z
ID037;https://drive.google.com/thumbnail?id=1BG2Qz7yUQ6wsmoN_CgvMWjl1kEbdArNT;DOSSERET GIVI TREKKER (1).JPG;autres;10;TT600R, XT600E, TT600, TT600E, XTZ600, XT600Z
ID037;https://drive.google.com/thumbnail?id=1pC8T-IfFuNEQfWTR7Owo6J6NIDh4h2mA;DOSSERET GIVI TREKKER (2).JPG;autres;10;TT600R, XT600E, TT600, TT600E, XTZ600, XT600Z
ID037;https://drive.google.com/thumbnail?id=14GxZiDnBFvl-kf-L4Kwh4q_mTDpdaGSY;DOSSERET GIVI TREKKER (3).JPG;autres;10;TT600R, XT600E, TT600, TT600E, XTZ600, XT600Z
ID038;https://drive.google.com/thumbnail?id=1AxkkErf8FqEoVBbqK6MQ_Emu1MvMjK5b;ELEMENT BOITE A AIR XTZ 660 (1).JPG;xtz 660;10;TT600R, XT600E, TT600, TT600E, XTZ600, XT600Z
ID038;https://drive.google.com/thumbnail?id=1s7cI54N_HLIsQYGX8cFzIzPNSzevfuZQ;ELEMENT BOITE A AIR XTZ 660 (2).JPG;xtz 660;10;TT600R, XT600E, TT600, TT600E, XTZ600, XT600Z
ID038;https://drive.google.com/thumbnail?id=1wFgw40jcPHdy2AN-d2igHkD4YkPoyTD7;ELEMENT BOITE A AIR XTZ 660 (3).JPG;xtz 660;10;TT600R, XT600E, TT600, TT600E, XTZ600, XT600Z
ID039;https://drive.google.com/thumbnail?id=1Gv6dWZbJGAQHJZWjN3ypQqWixlvgdKaM;ENTRAINEUR DE COMPTE TOUR XT XTZ (1).JPG;Transerve;10;TT600R, XT600E, TT600, TT600E, XTZ600, XT600Z
ID039;https://drive.google.com/thumbnail?id=1vPqA33-pWE-Is_co7D59OY2xfMDFgDaT;ENTRAINEUR DE COMPTE TOUR XT XTZ.JPG;Transerve;10;TT600R, XT600E, TT600, TT600E, XTZ600, XT600Z
ID040;https://drive.google.com/thumbnail?id=1EQgch8De8bJlG7zse1lATEmZMzLGy9n0;ETRIER DE FREIN AVANT XTZ 750 NEUF (1).JPG;xtz 750;10;TT600R, XT600E, TT600, TT600E, XTZ600, XT600Z
ID040;https://drive.google.com/thumbnail?id=156vqg1_fjIqqVZfMgPvEDlnkqXGGn6L3;ETRIER DE FREIN AVANT XTZ 750 NEUF (2).JPG;xtz 750;10;TT600R, XT600E, TT600, TT600E, XTZ600, XT600Z
ID041;https://drive.google.com/thumbnail?id=1PN4Q4Z9S_2jc4HvoGafZldUYwhMhTQlb;FEU AVANT XTZ 750 SANS SUPPORT GAUCHE (1).JPG;xtz 750;0;TT600R, XT600E, TT600, TT600E, XTZ600, XT600Z
ID041;https://drive.google.com/thumbnail?id=1-g9fWx0FLnEMHEy4hdtd_3hFhzYqSMT8;FEU AVANT XTZ 750 SANS SUPPORT GAUCHE (2).JPG;xtz 750;0;TT600R, XT600E, TT600, TT600E, XTZ600, XT600Z
ID042;https://drive.google.com/thumbnail?id=1ZWo1CJ6pEhpzb3EZJhwgWS4vHnY-wYk4;JAUGE HUILE XTZ 750.JPG;xtz 750;0;TT600R, XT600E, TT600, TT600E, XTZ600, XT600Z
ID043;https://drive.google.com/thumbnail?id=1MUIdia7QORD25F0xnofrepz94IKvadOD;KLAXON (1).JPG;transverse;0;TT600R, XT600E, TT600, TT600E, XTZ600, XT600Z
ID044;https://drive.google.com/thumbnail?id=14TUjmMZjdc4OXvOHtFj5YqRC-cCcayAp;KLAXON (2).JPG;transverse;0;TT600R, XT600E, TT600, TT600E, XTZ600, XT600Z
ID045;https://drive.google.com/thumbnail?id=17hE31fj2HM1U1WvgQ4J4nyrFgK1y8uJW;LOT CLIGNOTANT XTZ.JPG;Transerve;10;TT600R, XT600E, TT600, TT600E, XTZ600, XT600Z
ID046;https://drive.google.com/thumbnail?id=1FIuwSjXu6JpzOaqoxXyoAdXNUulddHxB;LOT COMPTEUR XT DT (1).JPG;Transerve;10;TT600R, XT600E, TT600, TT600E, XTZ600, XT600Z
ID046;https://drive.google.com/thumbnail?id=1QEQe8mhB5SUePI5lvtiUHZcELdVC9OwB;LOT COMPTEUR XT DT (2).JPG;Transerve;10;TT600R, XT600E, TT600, TT600E, XTZ600, XT600Z
ID047;https://drive.google.com/thumbnail?id=1USJGizS48TNrstDveWqX48am0ADWi3wt;LOT NOIX EMBRAYAGE (3) ET PLATEAU (2) DE PRESSION XT XTZ.JPG;Transerve;10;TT600R, XT600E, TT600, TT600E, XTZ600, XT600Z
ID047;https://drive.google.com/thumbnail?id=1sqVrlkkaOvT-vYynW3COcqRBY2u2KXxq;LOT NOIX EMBRAYAGE (4) ET PLATEAU (2) DE PRESSION XT XTZ.JPG;Transerve;10;TT600R, XT600E, TT600, TT600E, XTZ600, XT600Z
ID047;https://drive.google.com/thumbnail?id=1xmOfPAaPboKedeDvPmQIkn3nss_CQQ_L;LOT NOIX EMBRAYAGE (5) ET PLATEAU (2) DE PRESSION XT XTZ.JPG;Transerve;10;TT600R, XT600E, TT600, TT600E, XTZ600, XT600Z
ID047;https://drive.google.com/thumbnail?id=1nHuOd0bBD2_zR8U0K9uE06gqgPrSLO5o;LOT NOIX EMBRAYAGE (6) ET PLATEAU (2) DE PRESSION XT XTZ.JPG;Transerve;10;TT600R, XT600E, TT600, TT600E, XTZ600, XT600Z
ID047;https://drive.google.com/thumbnail?id=1luDdfgx4UDGQ6qfeRdpH3ip36W7spYg4;LOT NOIX EMBRAYAGE (7) ET PLATEAU (2) DE PRESSION XT XTZ.JPG;Transerve;10;TT600R, XT600E, TT600, TT600E, XTZ600, XT600Z
ID047;https://drive.google.com/thumbnail?id=1wKTzqJqgwFSQzWsJBTaS-yBS9b4id3C3;LOT NOIX EMBRAYAGE (8) ET PLATEAU (2) DE PRESSION XT XTZ.JPG;Transerve;10;TT600R, XT600E, TT600, TT600E, XTZ600, XT600Z
ID048;https://drive.google.com/thumbnail?id=1YCDXVtY-qTtjUkg0s6ydjucmc4euVsjb;MECANISME DE KICK.JPG;Transerve;10;TT600R, XT600E, TT600, TT600E, XTZ600, XT600Z
ID049;https://drive.google.com/thumbnail?id=1eEhnpHcW-njkGuBAQeOzcUmJjjAMzXXf;MECANISME DE SELECTION XT XTZ (1).JPG;Transerve;10;TT600R, XT600E, TT600, TT600E, XTZ600, XT600Z
ID049;https://drive.google.com/thumbnail?id=18Gdi42Save-hfFeDutXfKqLXJyHk1jU-;MECANISME DE SELECTION XT XTZ (2).JPG;Transerve;10;TT600R, XT600E, TT600, TT600E, XTZ600, XT600Z
ID049;https://drive.google.com/thumbnail?id=1KYZbfT1NWDaS2b6y2UGouECs0G6z258H;MECANISME DE SELECTION XT XTZ (3).JPG;Transerve;10;TT600R, XT600E, TT600, TT600E, XTZ600, XT600Z
ID049;https://drive.google.com/thumbnail?id=1mE1GZmdkQ1uTjOqkYpcQ9IsDfKEqeB_B;MECANISME DE SELECTION XT XTZ (4).JPG;Transerve;10;TT600R, XT600E, TT600, TT600E, XTZ600, XT600Z
ID050;https://drive.google.com/thumbnail?id=10j0euYLZGoLyO28LgEpOYDlUOlxmNqQp;MOYEU AVANT XTZ 660 (1).JPG;xtz 660;10;TT600R, XT600E, TT600, TT600E, XTZ600, XT600Z
ID050;https://drive.google.com/thumbnail?id=1lWXZSMmOY9sgB6QG9RwRXpAHGv1I9Nb-;MOYEU AVANT XTZ 660 (2).JPG;xtz 660;10;TT600R, XT600E, TT600, TT600E, XTZ600, XT600Z
ID050;https://drive.google.com/thumbnail?id=1OmW88vw1nYefchmnZaZfGE2rLKsOcy3V;MOYEU AVANT XTZ 660 (3).JPG;xtz 660;10;TT600R, XT600E, TT600, TT600E, XTZ600, XT600Z
ID051;https://drive.google.com/thumbnail?id=1T_q_lhRm4RxtYDDxHk3pqrjdYy_lC383;NEIMAN XTZ .JPG;xtz 660;10;TT600R, XT600E, TT600, TT600E, XTZ600, XT600Z
ID051;https://drive.google.com/thumbnail?id=1bVAZwQ3ApT2fU8wbuBAF0jeeUSM2gBZc;NEIMAN XTZ (1).JPG;xtz 660;10;TT600R, XT600E, TT600, TT600E, XTZ600, XT600Z
ID051;https://drive.google.com/thumbnail?id=1KUfXj-5b1Ii4CKYkVi4381A8-isUEWnk;NEIMAN XTZ.JPG;xtz 660;10;TT600R, XT600E, TT600, TT600E, XTZ600, XT600Z
ID052;https://drive.google.com/thumbnail?id=16K9WGfPnD4L8DFFL6PkOYMMFSH8gz1QZ;PATE ECHAPPEMENT XTZ 750.JPG;xtz 750;10;TT600R, XT600E, TT600, TT600E, XTZ600, XT600Z
ID053;https://drive.google.com/thumbnail?id=1RfBzQRJypOqJ8B8kaaFJwnrycRLdaY-9;PIECE ARRIERE DROITXTZ 750.JPG;xtz 750;10;TT600R, XT600E, TT600, TT600E, XTZ600, XT600Z
ID054;https://drive.google.com/thumbnail?id=1No3VJ5QfyWvLL5OevVBKEiinhJQcQQjm;PIECE ARRIERE XTZ 660 (1).JPG;xtz 660;10;TT600R, XT600E, TT600, TT600E, XTZ600, XT600Z
ID054;https://drive.google.com/thumbnail?id=1JXYR3CtTvycFCv0qaMHlIIVJKLUOy432;PIECE ARRIERE XTZ 660 (2).JPG;xtz 660;10;TT600R, XT600E, TT600, TT600E, XTZ600, XT600Z
ID055;https://drive.google.com/thumbnail?id=1UVQkaUxxRZNILaTc_T1x414a5FpNETMe;PIECE ARRIERE XTZ 750 (1).JPG;xtz 750;10;TT600R, XT600E, TT600, TT600E, XTZ600, XT600Z
ID055;https://drive.google.com/thumbnail?id=1-kwCrjZ1Gy4d7PtIB4bcb1gshzBVbZU2;PIECE ARRIERE XTZ 750 (2).JPG;xtz 750;10;TT600R, XT600E, TT600, TT600E, XTZ600, XT600Z
ID055;https://drive.google.com/thumbnail?id=12dVJzLOZiD6D264xl1qCrToi43nd7qfJ;PIECE ARRIERE XTZ 750 (3).JPG;xtz 750;10;TT600R, XT600E, TT600, TT600E, XTZ600, XT600Z
ID055;https://drive.google.com/thumbnail?id=1m8hSiTDIK-7fpNX6I-qG-uTOqb_iVBHo;PIECE ARRIERE XTZ 750 (4).JPG;xtz 750;10;TT600R, XT600E, TT600, TT600E, XTZ600, XT600Z
ID056;https://drive.google.com/thumbnail?id=14XSOUvzQcI53CHUM7ikbfye54UvBOljj;PIECE BOITE A AIR HUILE XTZ 750 (1).JPG;xtz 750;10;TT600R, XT600E, TT600, TT600E, XTZ600, XT600Z
ID056;https://drive.google.com/thumbnail?id=17x_GQYsDn9WA_CRozjyDq6iVkVd5zZfF;PIECE BOITE A AIR HUILE XTZ 750 (2).JPG;xtz 750;10;TT600R, XT600E, TT600, TT600E, XTZ600, XT600Z
ID057;https://drive.google.com/thumbnail?id=14-gRfVfOy3yzMcCqf4PCLhYHlLuwrjVo;PIECE PIGNON LIBRE KICK XT XTZ (1).JPG;xt 600;10;TT600R, XT600E, TT600, TT600E, XTZ600, XT600Z
ID057;https://drive.google.com/thumbnail?id=1phF6XUD7cz3aw3eDYoa1lVKPiwdYIhZ_;PIECE PIGNON LIBRE KICK XT XTZ (2).JPG;xt 600;10;TT600R, XT600E, TT600, TT600E, XTZ600, XT600Z
ID058;https://drive.google.com/thumbnail?id=176Jv7glDyyCJ_T6PXYPKNUBOiByzmLI3;PIECES ARRIERE GAUCHE XTZ 750.JPG;xtz 750;10;TT600R, XT600E, TT600, TT600E, XTZ600, XT600Z
ID059;https://drive.google.com/thumbnail?id=16uVAI7vEfwWaonNv6ItZxMsbJ4ewFpIY;PIECES AXE BALANCIER EQUILIBRAGE DROIT XT XTZ (1).JPG;Transerve;10;TT600R, XT600E, TT600, TT600E, XTZ600, XT600Z
ID059;https://drive.google.com/thumbnail?id=17fpJL63kmkutAcxcK450AiGT4kccjhNr;PIECES AXE BALANCIER EQUILIBRAGE DROIT XT XTZ (2).JPG;Transerve;10;TT600R, XT600E, TT600, TT600E, XTZ600, XT600Z
ID059;https://drive.google.com/thumbnail?id=1NKlq0bwvRsGneka9N_MI2a_HJ9Ticrpi;PIECES AXE BALANCIER EQUILIBRAGE DROIT XT XTZ (3).JPG;Transerve;10;TT600R, XT600E, TT600, TT600E, XTZ600, XT600Z
ID059;https://drive.google.com/thumbnail?id=1P7ACusXycb3TnBohRi-_KszCnqu0effK;PIECES AXE BALANCIER EQUILIBRAGE DROIT XT XTZ (4).JPG;Transerve;10;TT600R, XT600E, TT600, TT600E, XTZ600, XT600Z
ID060;https://drive.google.com/thumbnail?id=1wAN3XhuuzWTo0GLqPSCKw9ob1Fb6RmJ0;PIECES AXE VILEBREQUIN DROIT XT XTZ (1).JPG;Transerve;10;TT600R, XT600E, TT600, TT600E, XTZ600, XT600Z
ID060;https://drive.google.com/thumbnail?id=1qeuU9Xxv-qYA5a3dzwC0wMruC7Y9gynt;PIECES AXE VILEBREQUIN DROIT XT XTZ (2).JPG;Transerve;10;TT600R, XT600E, TT600, TT600E, XTZ600, XT600Z
ID060;https://drive.google.com/thumbnail?id=1vU3VmFhkZ7xygzpENd-jY05wtoZAoOxW;PIECES AXE VILEBREQUIN DROIT XT XTZ (3).JPG;Transerve;10;TT600R, XT600E, TT600, TT600E, XTZ600, XT600Z
ID061;https://drive.google.com/thumbnail?id=1eufzEpFzdwkwzHVwCugLSvSsn-3fqgfp;PIECES COMPTEUR XTZ 660 (1).JPG;xtz 660;0;TT600R, XT600E, TT600, TT600E, XTZ600, XT600Z
ID061;https://drive.google.com/thumbnail?id=15y-8ufX0-lYjDAVyi5tHuKHldZCbEocF;PIECES COMPTEUR XTZ 660 (2).JPG;xtz 660;0;TT600R, XT600E, TT600, TT600E, XTZ600, XT600Z
ID062;https://drive.google.com/thumbnail?id=1qQXOC-KZhMephpUwijfjNICRXz42pv9r;PIECES DIVERS DE MAINTIENT DE CABLE XT XTZ.JPG;Transerve;10;TT600R, XT600E, TT600, TT600E, XTZ600, XT600Z
ID063;https://drive.google.com/thumbnail?id=1eCu2Bg9UstdQodbBK8AcvsXjJiDeTaGt;POIGNEE.JPG;transverse;0;TT600R, XT600E, TT600, TT600E, XTZ600, XT600Z
ID064;https://drive.google.com/thumbnail?id=14rAgu2hzR5b3dlGV7yn0gJxy-yld73um;POMPE A ESSENCE XT XTZ.JPG;Transerve;10;TT600R, XT600E, TT600, TT600E, XTZ600, XT600Z
ID065;https://drive.google.com/thumbnail?id=1jpHWhXL3Rh_Rh55dRBIVt3ih0GFh09jm;POMPE A HUILE XT550 5Y1 1VJ (1).JPG;Transerve;10;TT600R, XT600E, TT600, TT600E, XTZ600, XT600Z
ID065;https://drive.google.com/thumbnail?id=1oK5klhkyw_BxRKUZ4-NimB9zNuwiFxeV;POMPE A HUILE XT550 5Y1 1VJ (2).JPG;Transerve;10;TT600R, XT600E, TT600, TT600E, XTZ600, XT600Z
ID065;https://drive.google.com/thumbnail?id=1pyL-QwOp9vBRHgM-c76EtAhG5UdLQCK4;POMPE A HUILE XT550 5Y1 1VJ (3).JPG;Transerve;10;TT600R, XT600E, TT600, TT600E, XTZ600, XT600Z
ID066;https://drive.google.com/thumbnail?id=1TFmRdv3oF75j1ydasnQZL2xC4s89TqRR;PORTE CASQUE.JPG;Transerve;10;TT600R, XT600E, TT600, TT600E, XTZ600, XT600Z
ID067;https://drive.google.com/thumbnail?id=1PE_rLPLYUK64AB_aUpubyq_qU-w1ETF3;PORTE PAQUET XTZ 660.JPG;xtz 660;10;TT600R, XT600E, TT600, TT600E, XTZ600, XT600Z
ID068;https://drive.google.com/thumbnail?id=1ze7pkNnZJIuK6ArJnpA-IgrCQ6_XnLaj;PROTEGE CHAINE XTZ (1).JPG;xtz 660;10;TT600R, XT600E, TT600, TT600E, XTZ600, XT600Z
ID068;https://drive.google.com/thumbnail?id=1yMMAisHyrzg5PVmrQ9wsZmjZuffUmqaV;PROTEGE CHAINE XTZ (2).JPG;xtz 660;10;TT600R, XT600E, TT600, TT600E, XTZ600, XT600Z
ID069;https://drive.google.com/thumbnail?id=118dIfHAQN5hdGXWEUxbXdPRJJkBvy_Uv;PROTEGE CHALEUR COLLECTEUR XTZ 660.JPG;xtz 660;10;TT600R, XT600E, TT600, TT600E, XTZ600, XT600Z
ID070;https://drive.google.com/thumbnail?id=1MxOXayyQ60OBqRkakGZhLydQJ7Od1IQd;PROTEGE PIGNON XT XTZ.JPG;Transerve;10;TT600R, XT600E, TT600, TT600E, XTZ600, XT600Z
ID071;https://drive.google.com/thumbnail?id=1Ou6NoMf9ql3gXW0DqVEmkPzPbx1noZ1W;RACKE PORTE VALISE LONE RIDER GS 1200 1250 (1).JPG;bmw 1200 1250 gs;10;TT600R, XT600E, TT600, TT600E, XTZ600, XT600Z
ID071;https://drive.google.com/thumbnail?id=1T61mex9tLzKMmEC3tzFR7MQQbb4BfEvS;RACKE PORTE VALISE LONE RIDER GS 1200 1250 (2).JPG;bmw 1200 1250 gs;10;TT600R, XT600E, TT600, TT600E, XTZ600, XT600Z
ID072;https://drive.google.com/thumbnail?id=14ue4X9UwXQtyRZD_X--YVhfGxMcOtr8D;REGULATEUR XTZ.JPG;Transerve;10;TT600R, XT600E, TT600, TT600E, XTZ600, XT600Z
ID073;https://drive.google.com/thumbnail?id=1z6ONEiMXcwrNJhSewXp8nLSca6YorjmX;RELAIS DIVERS XT XTZ (1).JPG;transverse;0;TT600R, XT600E, TT600, TT600E, XTZ600, XT600Z
ID073;https://drive.google.com/thumbnail?id=1nwRDBABMYdjMPq48ZbRJ4-VUkMpL6ucZ;RELAIS DIVERS XT XTZ (2).JPG;transverse;0;TT600R, XT600E, TT600, TT600E, XTZ600, XT600Z
ID074;https://drive.google.com/thumbnail?id=18WloANJIan_qYvg_ZUGZDbGkJsGdCo85;RENFORT PONTET GUIDON 22 .JPG;Transerve;10;TT600R, XT600E, TT600, TT600E, XTZ600, XT600Z
ID075;https://drive.google.com/thumbnail?id=19q-t8F3hK4Nu1F7p3XU8pH1wyIU5vYj-;REPOSE PIED ARRIERE XTZ 660.JPG;xtz 660;10;TT600R, XT600E, TT600, TT600E, XTZ600, XT600Z
ID076;https://drive.google.com/thumbnail?id=10NsYEh4XMDHw1TbsthQlCOjewBBrrYmh;REPOSE PIED ARRIERE XTZ 750.JPG;xtz 750;10;TT600R, XT600E, TT600, TT600E, XTZ600, XT600Z
ID077;https://drive.google.com/thumbnail?id=1Zhn-9jSQ5dqjv6xC_g6OHFhTZEZqIGeE;REPOSE PIED ET PEDALE DE FREIN AR XTZ 750 (1).JPG;xtz 750;10;TT600R, XT600E, TT600, TT600E, XTZ600, XT600Z
ID077;https://drive.google.com/thumbnail?id=1xyN56HSXYHGefmCmld-kPAWR3Wz5hkTj;REPOSE PIED ET PEDALE DE FREIN AR XTZ 750 (2).JPG;xtz 750;10;TT600R, XT600E, TT600, TT600E, XTZ600, XT600Z
ID078;https://drive.google.com/thumbnail?id=1Ya5rM6c9t5PFMVbeRWAc8ZsNFBkHvhuc;REPOSE PIED XTZ 660.JPG;xtz 660;10;TT600R, XT600E, TT600, TT600E, XTZ600, XT600Z
ID079;https://drive.google.com/thumbnail?id=17be_CnGXBbKnQWR-3bwPZGWhFc1pJL6t;RESSORT DE FOURCHE XTZ 750 660.JPG;transverse;0;TT600R, XT600E, TT600, TT600E, XTZ600, XT600Z
ID080;https://drive.google.com/thumbnail?id=1E80PJA9bKd3WK96zMoUD1EsFKKkMcGBb;RESSORT EMBRAYAGE.JPG;transverse;0;TT600R, XT600E, TT600, TT600E, XTZ600, XT600Z
ID081;https://drive.google.com/thumbnail?id=1vETLjBcUJ--eq9qY2l6Uw6zUbPDGkNLe;RETRO 1 (1).JPG;autres;0;TT600R, XT600E, TT600, TT600E, XTZ600, XT600Z
ID081;https://drive.google.com/thumbnail?id=1MqMdjUywLkO4bV1RChE_33HXBn8bZd_C;RETRO 1 (2).JPG;autres;0;TT600R, XT600E, TT600, TT600E, XTZ600, XT600Z
ID082;https://drive.google.com/thumbnail?id=1jTf49-46YhMwAyQFWiIIyFqebbcemNhR;RETRO 2 (1).JPG;autres;0;TT600R, XT600E, TT600, TT600E, XTZ600, XT600Z
ID082;https://drive.google.com/thumbnail?id=13JYKVy3Yk7T_6BcVDQCDSzrz8bYfbDT9;RETRO 2 (2).JPG;autres;0;TT600R, XT600E, TT600, TT600E, XTZ600, XT600Z
ID083;https://drive.google.com/thumbnail?id=1rbBzbgxI0rwtu2IGwnRpKaWE8H8N1ayo;RETRO 3 (1).JPG;autres;0;TT600R, XT600E, TT600, TT600E, XTZ600, XT600Z
ID083;https://drive.google.com/thumbnail?id=1Iy0cPltv8gdIlfoOF4Ct4H_rTZPQ8o7g;RETRO 3 (2).JPG;autres;0;TT600R, XT600E, TT600, TT600E, XTZ600, XT600Z
ID083;https://drive.google.com/thumbnail?id=14jow0S54WBsnk_U0v0zC_Pt9CFYOHotd;RETRO 3 (3).JPG;autres;0;TT600R, XT600E, TT600, TT600E, XTZ600, XT600Z
ID084;https://drive.google.com/thumbnail?id=1KUlGB5SnYpPQJiznE-6nH8QaLDzL5pdk;ROBINET DE RESERVOIR XTZ 660.JPG;xtz 660;10;TT600R, XT600E, TT600, TT600E, XTZ600, XT600Z
ID085;https://drive.google.com/thumbnail?id=1_EW16yBYoNBabEXB3iCm01OYKaip12rc;ROTOR ALLUMAGE XT550 XT600 34L (1).JPG;xt 550;10;TT600R, XT600E, TT600, TT600E, XTZ600, XT600Z
ID085;https://drive.google.com/thumbnail?id=1qXqTjZkEbsd-cVSPXHiHoypeFONcOpen;ROTOR ALLUMAGE XT550 XT600 34L (2).JPG;xt 550;10;TT600R, XT600E, TT600, TT600E, XTZ600, XT600Z
ID086;https://drive.google.com/thumbnail?id=1WhfFbfpVLTdM96XSvEdign2ek2gxtt7i;SABOT BMW 1200 1250 GS (1).JPG;bmw 1200 1250 gs;10;TT600R, XT600E, TT600, TT600E, XTZ600, XT600Z
ID086;https://drive.google.com/thumbnail?id=162BtnBUbPmKl1sOpU5IpqxDeu2UPOfWP;SABOT BMW 1200 1250 GS (2).JPG;bmw 1200 1250 gs;10;TT600R, XT600E, TT600, TT600E, XTZ600, XT600Z
ID087;https://drive.google.com/thumbnail?id=1eCjzevfuQwg0pENRlcGMEAIDL26ZlWcW;SABOT MOTEUR XTZ 750 (1).JPG;xtz 750;10;TT600R, XT600E, TT600, TT600E, XTZ600, XT600Z
ID087;https://drive.google.com/thumbnail?id=19oAbphd9sFE3ububSDmNLY1CA0fawETz;SABOT MOTEUR XTZ 750 (2).JPG;xtz 750;10;TT600R, XT600E, TT600, TT600E, XTZ600, XT600Z
ID088;https://drive.google.com/thumbnail?id=1hk0V8bhzCRhy4vTEQ8U9BnMHDLUxechm;SELECTEUR DE VITESSE TORDU.JPG;transverse;0;TT600R, XT600E, TT600, TT600E, XTZ600, XT600Z
ID089;https://drive.google.com/thumbnail?id=1tpiz6K8RRmFDTIK9daAsPVG3zSNZXa2z;SOLENOIDE DEMARREUR XTZ.JPG;Transerve;10;TT600R, XT600E, TT600, TT600E, XTZ600, XT600Z
ID090;https://drive.google.com/thumbnail?id=1fadFP6D8SKH0tplZ54HvEhyDno_53B6W;SOUFFLET XTZ 660.JPG;xtz 660;0;TT600R, XT600E, TT600, TT600E, XTZ600, XT600Z
ID091;https://drive.google.com/thumbnail?id=1gEm_2Bwucod91E2cDs6sED0kncl1G1VK;SUPPORT DE COMPTEUR TT600R (1).JPG;tt600r;10;TT600R, XT600E, TT600, TT600E, XTZ600, XT600Z
ID091;https://drive.google.com/thumbnail?id=1Vi_z8hrpt8vxGZV5kLq5qv2OPp-evMn1;SUPPORT DE COMPTEUR TT600R (2).JPG;tt600r;10;TT600R, XT600E, TT600, TT600E, XTZ600, XT600Z
ID092;https://drive.google.com/thumbnail?id=1m1Ou7iUI25tUVOk05XYXwk-VUnfayzpE;SUPPORT DE POMPE A DEPRESSION XTZ 750.JPG;Transerve;10;TT600R, XT600E, TT600, TT600E, XTZ600, XT600Z
ID093;https://drive.google.com/thumbnail?id=1hHp1ZyhEF2h8KBNhgLxbscQLLkIa0e4w;SUPPORT DE ROULEMENT XT XTZ.JPG;transverse;0;TT600R, XT600E, TT600, TT600E, XTZ600, XT600Z
ID094;https://drive.google.com/thumbnail?id=1JNr9A2tKvIje_HD4IKjWmG6RrWp3DUGQ;SUPPORT MOTEUR AVANT XT XTZ .JPG;xtz 660;10;TT600R, XT600E, TT600, TT600E, XTZ600, XT600Z
ID095;https://drive.google.com/thumbnail?id=10t61jFqLGNcybU7oDw8jeNk0JMN1sRkb;SUPPORT MOTEUR SUPERIEUR XTZ 660.JPG;xtz 660;0;TT600R, XT600E, TT600, TT600E, XTZ600, XT600Z
ID096;https://drive.google.com/thumbnail?id=12279CwVXft_yb7tVc6d-bTEE_i1aEzqZ;SUPPORT RESERVOIR XTZ 750 (1).JPG;xtz 750;10;TT600R, XT600E, TT600, TT600E, XTZ600, XT600Z
ID096;https://drive.google.com/thumbnail?id=11Q-sjapihTI1FoINn5JDUnXK81Jw9Hol;SUPPORT RESERVOIR XTZ 750.JPG;xtz 750;10;TT600R, XT600E, TT600, TT600E, XTZ600, XT600Z
ID097;https://drive.google.com/thumbnail?id=1U55b9wtYygCT-5iElgTcMQqHFlHyjZT1;SUR PROTEGE POGNEE GIVI GS 1200 1250 (1).JPG;bmw 1200 1250 gs;10;TT600R, XT600E, TT600, TT600E, XTZ600, XT600Z
ID097;https://drive.google.com/thumbnail?id=1_smuCPRzTrI2gcwaoug5y0ZlkwL9M_Rk;SUR PROTEGE POGNEE GIVI GS 1200 1250 (2).JPG;bmw 1200 1250 gs;10;TT600R, XT600E, TT600, TT600E, XTZ600, XT600Z
ID098;https://drive.google.com/thumbnail?id=1ExboOPmcn6EupGxO1Z--FszjtbBvzI1F;T DE FOURCHE SUPERIEUR (1).JPG;Transerve;10;TT600R, XT600E, TT600, TT600E, XTZ600, XT600Z
ID098;https://drive.google.com/thumbnail?id=1jSR2wVOXt02Y9YfEH2bEes9ehsxDcPrn;T DE FOURCHE SUPERIEUR (2).JPG;Transerve;10;TT600R, XT600E, TT600, TT600E, XTZ600, XT600Z
ID099;https://drive.google.com/thumbnail?id=1b_SKyDzL2FGPScsMoCJKONEwADZowoR-;T DE FOURCHE XT .JPG;Transerve;10;TT600R, XT600E, TT600, TT600E, XTZ600, XT600Z
ID100;https://drive.google.com/thumbnail?id=1TugB7MIiLgSM-v8hIUWv7-vnOVSkrVIV;TENDEUR DE CHAINE DE DISTRIBUTION XT XTZ .JPG;xt 550;10;TT600R, XT600E, TT600, TT600E, XTZ600, XT600Z
ID101;https://drive.google.com/thumbnail?id=1z5Cplaj19ldKe8hSDy74zCAlMnnbmBqh;TUBULURE ASPIRATION BOITE A AIR TT600R (1).JPG;tt600r;10;TT600R, XT600E, TT600, TT600E, XTZ600, XT600Z
ID101;https://drive.google.com/thumbnail?id=1OIF7W-mwsOxEB1GCBwOmR-Mnpe3vaN7a;TUBULURE ASPIRATION BOITE A AIR TT600R (2).JPG;tt600r;10;TT600R, XT600E, TT600, TT600E, XTZ600, XT600Z
ID102;https://drive.google.com/thumbnail?id=1xLLXiFJUup6wnkIg4TttyX40ZHhCbIkC;VILEBREQUIN XT550 (1).JPG;xt 550;10;TT600R, XT600E, TT600, TT600E, XTZ600, XT600Z
ID102;https://drive.google.com/thumbnail?id=1EBkeJYO2UALGvmFInEPCcFXXvZJSDjxp;VILEBREQUIN XT550 (2).JPG;xt 550;10;TT600R, XT600E, TT600, TT600E, XTZ600, XT600Z
